{"stats":{"minecraft:dropped":{"minecraft:enchanted_book":1,"hexerei:sage_seed":2,"minecraft:stone_sword":3,"minecraft:warped_fungus":1,"minecraft:dark_oak_sapling":3,"minecraft:stick":8,"minecraft:filled_map":2,"minecraft:dark_oak_log":10,"simple_mobs:lycanthrope_elixir":1,"irons_spellbooks:epic_ink":1,"irons_spellbooks:iron_spell_book":1,"minecraft:arrow":1,"bloodandmadness:blood_stone_shard":1,"minecraft:bone":1,"minecraft:egg":1},"minecraft:mined":{"minecraft:dark_oak_leaves":4,"minecraft:dark_oak_log":2,"minecraft:crafting_table":1,"minecraft:grass_block":7,"minecraft:tall_grass":7,"minecraft:hay_block":16,"minecraft:dark_oak_wall_sign":2,"minecraft:wheat":1,"minecraft:peony":1,"minecraft:grass":8,"minecraft:dark_oak_sign":1,"minecraft:sand":3,"minecraft:dirt":2},"minecraft:killed_by":{"minecraft:player":2,"dannys_expansion:ghoul":1,"biomemakeover:moth":1,"simple_mobs:fireball":1,"dannys_expansion:foamcaster":1},"minecraft:custom":{"minecraft:interact_with_furnace":10,"lootr:looted_stat":5,"minecraft:mob_kills":20,"minecraft:interact_with_crafting_table":10,"minecraft:open_barrel":5,"minecraft:leave_game":8,"minecraft:time_since_death":8216,"minecraft:sleep_in_bed":1,"minecraft:climb_one_cm":2753,"minecraft:time_since_rest":11958,"champions:champion_mobs_killed":11,"minecraft:sprint_one_cm":659430,"minecraft:damage_absorbed":360,"minecraft:damage_taken":3721,"minecraft:walk_one_cm":1038025,"minecraft:trigger_trapped_chest":2,"minecraft:drop":33,"minecraft:damage_dealt":4294,"minecraft:damage_dealt_absorbed":99,"minecraft:swim_one_cm":41689,"minecraft:fly_one_cm":1330781,"minecraft:open_chest":5,"minecraft:crouch_one_cm":2924,"minecraft:play_time":169189,"minecraft:deaths":6,"minecraft:sneak_time":723,"minecraft:walk_under_water_one_cm":7166,"minecraft:boat_one_cm":1898,"minecraft:jump":4545,"minecraft:walk_on_water_one_cm":21643,"minecraft:total_world_time":169189,"minecraft:fall_one_cm":111877},"minecraft:picked_up":{"habitat:kabloom_pulp":1,"minecraft:crafting_table":1,"minecraft:feather":3,"minecraft:chicken":2,"minecraft:dark_oak_boat":1,"simple_mobs:toxic_gland":2,"minecraft:potato":29,"minecraft:filled_map":2,"minecraft:enchanted_book":3,"minecraft:dirt":7,"minecraft:bone":4,"irons_spellbooks:iron_spell_book":1,"minecraft:bow":1,"minecraft:wheat_seeds":4,"minecraft:stone_pickaxe":1,"minecraft:dark_oak_sign":3,"dannys_expansion:yellow_spores":3,"irons_spellbooks:epic_ink":1,"minecraft:egg":2,"minecraft:dark_oak_sapling":3,"minecraft:stick":8,"minecraft:warped_fungus":1,"apotheosis:gem":1,"paraglider:essence":1,"minecraft:poisonous_potato":1,"minecraft:porkchop":8,"minecraft:sand":3,"minecraft:dark_oak_log":39,"hexerei:sage_seed":4,"minecraft:stone_sword":4,"minecraft:arrow":5,"minecraft:rotten_flesh":9,"minecraft:peony":1,"minecraft:hay_block":18,"minecraft:emerald":1,"minecraft:mutton":2,"bloodandmadness:blood_stone_shard":2,"simple_mobs:lycanthrope_elixir":1,"minecraft:white_wool":1},"minecraft:broken":{"minecraft:stone_sword":1,"minecraft:leather_chestplate":1},"minecraft:killed":{"minecraft:pig":3,"restored_earth:lobber_zombie":1,"minecraft:spider":1,"dannys_expansion:foamcaster":1,"dannys_expansion:ghoul":1,"minecraft:sheep":1,"minecraft:skeleton":3,"minecraft:zombie":2,"minecraft:chicken":2,"simple_mobs:darkwerewolf":1,"biomemakeover:moth":1,"restored_earth:bouldering_zombie":1},"minecraft:crafted":{"minecraft:baked_potato":29,"minecraft:iron_sword":1,"minecraft:air":291,"minecraft:dark_oak_planks":16},"minecraft:used":{"minecraft:stone_sword":106,"minecraft:stone_pickaxe":13,"minecraft:dark_oak_sign":4,"minecraft:baked_potato":3,"minecraft:leather_chestplate":1,"minecraft:iron_sword":26,"minecraft:rotten_flesh":3,"minecraft:dirt":7,"minecraft:sand":3,"minecraft:mutton":2,"alexsmobs:frontier_cap":1,"minecraft:crafting_table":3,"minecraft:bread":58,"quark:dark_oak_chest":1,"minecraft:dark_oak_boat":2,"minecraft:poisonous_potato":1,"minecraft:experience_bottle":1}},"DataVersion":2975}