{"stats":{"minecraft:picked_up":{"minecraft:oak_log":2,"minecraft:dirt":1,"minecraft:birch_log":1},"minecraft:killed_by":{"minecraft:player":1},"minecraft:custom":{"minecraft:jump":149,"minecraft:time_since_rest":1756,"minecraft:deaths":1,"minecraft:damage_dealt":318,"minecraft:damage_taken":508,"minecraft:sprint_one_cm":12688,"minecraft:play_time":4572,"minecraft:time_since_death":1694,"minecraft:walk_one_cm":17861,"minecraft:total_world_time":4572,"minecraft:player_kills":1,"minecraft:fall_one_cm":4787,"minecraft:fly_one_cm":21429},"minecraft:mined":{"minecraft:birch_log":1,"minecraft:grass_block":1,"minecraft:oak_log":2,"minecraft:oak_leaves":2,"minecraft:short_grass":2}},"DataVersion":3700}