{"stats":{"minecraft:killed_by":{"orcz:orcirongroupleader":1,"simple_mobs:toxic_goop":1},"minecraft:crafted":{"minecraft:dark_oak_boat":1,"minecraft:dark_oak_sign":3,"patchouli:guide_book":1,"minecraft:dark_oak_door":3,"minecraft:dark_oak_planks":4,"minecraft:stone_axe":1,"minecraft:air":42,"minecraft:stick":12,"minecraft:iron_ingot":8,"minecraft:iron_pickaxe":1,"minecraft:gold_ingot":7},"minecraft:mined":{"create:deepslate_zinc_ore":1,"minecraft:dark_oak_leaves":3,"minecraft:dark_oak_log":8,"minecraft:grass_block":35,"minecraft:furnace":2,"minecraft:iron_ore":8,"treechop:chopped_log":4,"minecraft:bookshelf":1,"minecraft:stone":3,"lootr:lootr_chest":1,"quark:dark_oak_chest":1,"minecraft:dandelion":1,"minecraft:crafting_table":2,"minecraft:poppy":2,"minecraft:tall_grass":21,"minecraft:cobblestone":2,"minecraft:deepslate_gold_ore":5,"minecraft:oak_planks":1,"minecraft:dark_oak_door":8,"minecraft:yellow_bed":1,"minecraft:grass":49,"minecraft:oak_log":1,"minecraft:coal_ore":3,"minecraft:sand":4,"minecraft:dirt":34,"minecraft:gold_ore":2},"minecraft:picked_up":{"minecraft:crafting_table":2,"minecraft:wheat":2,"minecraft:enchanted_book":10,"quark:dark_oak_chest":1,"minecraft:item_frame":1,"minecraft:iron_shovel":1,"minecraft:beef":3,"irons_spellbooks:epic_ink":1,"minecraft:poppy":5,"minecraft:chest":1,"minecraft:furnace":2,"minecraft:dark_oak_door":8,"minecraft:raw_iron":8,"minecraft:dark_oak_sapling":1,"minecraft:stick":4,"apotheosis:gem":3,"simple_mobs:rat_stomach":1,"minecraft:porkchop":3,"minecraft:carrot":29,"bloodandmadness:beastblood_clump":2,"hexerei:sage_seed":4,"dannys_expansion:gel":1,"minecraft:arrow":2,"minecraft:rotten_flesh":8,"bloodandmadness:sanguisteel_nugget":2,"bloodandmadness:blood_stone_shard":1,"simple_mobs:lycanthrope_elixir":1,"alexsmobs:flying_fish":1,"minecraft:cobblestone":5,"minecraft:leather_chestplate":1,"orcz:orcteeth":2,"minecraft:dark_oak_boat":4,"minecraft:leather":1,"minecraft:filled_map":2,"paraglider:spirit_orb":2,"create:raw_zinc":1,"minecraft:oak_log":1,"minecraft:yellow_bed":1,"minecraft:gunpowder":4,"minecraft:dirt":66,"irons_spellbooks:common_ink":1,"simple_mobs:lootbag":2,"minecraft:bone":1,"irons_spellbooks:iron_spell_book":2,"minecraft:wheat_seeds":19,"minecraft:raw_gold":7,"minecraft:iron_ingot":3,"minecraft:cobweb":2,"minecraft:oak_planks":1,"minecraft:book":3,"hexerei:animal_fat":1,"paraglider:essence":4,"minecraft:cooked_porkchop":3,"orcz:bone_1":1,"minecraft:dandelion":1,"simple_mobs:ogreliver":3,"minecraft:sand":4,"minecraft:amethyst_shard":1,"minecraft:dark_oak_log":20,"minecraft:stone_axe":1,"orcz:ironscrap":1,"minecraft:coal":3},"minecraft:dropped":{"minecraft:enchanted_book":4,"minecraft:dark_oak_sapling":1,"minecraft:cobblestone":1,"paraglider:spirit_orb":1,"minecraft:item_frame":1,"minecraft:stick":4,"minecraft:cobweb":1,"minecraft:torch":14,"orcz:bone_1":2,"alexsmobs:flying_fish":1,"irons_spellbooks:epic_ink":1,"create:raw_zinc":1,"minecraft:dandelion":1,"minecraft:bone":1,"minecraft:stone_axe":1,"hexerei:animal_fat":1,"hexerei:sage_seed":3,"minecraft:rotten_flesh":8,"minecraft:oak_planks":1,"minecraft:pumpkin_seeds":2,"minecraft:filled_map":2,"minecraft:leather_chestplate":1,"minecraft:gunpowder":2,"orcz:orcteeth":2,"minecraft:beetroot_seeds":4,"irons_spellbooks:iron_spell_book":2,"minecraft:arrow":2,"bloodandmadness:blood_stone_shard":2},"minecraft:killed":{"alexsmobs:lobster":1,"simple_mobs:rat_small":3,"minecraft:spider":1,"orcz:orcshieldiron":1,"dannys_expansion:mundane_slime":1,"minecraft:skeleton":6,"creeperoverhaul:dark_oak_creeper":2,"orcz:orcsavagegroupleader":1,"simple_mobs:toxic_goop":1,"minecraft:drowned":2,"biomemakeover:moth":1,"orcz:orcsavagemace":1,"alexsmobs:flying_fish":1,"restored_earth:bouldering_zombie":1,"simple_mobs:ogre":2,"minecraft:pig":1,"restored_earth:lobber_zombie":1,"bloodandmadness:church_doctor_pistol":1,"minecraft:creeper":2,"dannys_expansion:ghoul":3,"minecraft:zombie":6,"bloodandmadness:church_doctor_crucifix":1,"minecraft:cow":2,"simple_mobs:rat_mid":1},"minecraft:used":{"minecraft:iron_shovel":88,"minecraft:chest":1,"minecraft:dirt":33,"minecraft:carrot":27,"minecraft:beef":2,"minecraft:dark_oak_boat":4,"minecraft:furnace":2,"minecraft:dark_oak_sign":1,"minecraft:oak_planks":2,"minecraft:sand":4,"minecraft:crafting_table":2,"minecraft:dark_oak_door":9,"minecraft:dark_oak_log":2,"minecraft:bread":12,"minecraft:iron_pickaxe":28,"minecraft:stone_axe":13,"quark:dark_oak_chest":2,"minecraft:cobblestone":1,"minecraft:cooked_porkchop":3,"minecraft:yellow_bed":1},"minecraft:custom":{"lootr:looted_stat":12,"minecraft:mob_kills":42,"minecraft:animals_bred":2,"minecraft:interact_with_crafting_table":20,"minecraft:open_barrel":4,"minecraft:interact_with_campfire":3,"minecraft:damage_dealt_resisted":55,"minecraft:leave_game":2,"minecraft:time_since_death":35991,"minecraft:climb_one_cm":13062,"champions:champion_mobs_killed":36,"minecraft:sprint_one_cm":259152,"minecraft:walk_one_cm":1645526,"minecraft:drop":36,"minecraft:damage_dealt_absorbed":10,"minecraft:talked_to_villager":2,"minecraft:play_time":184540,"minecraft:deaths":2,"minecraft:walk_under_water_one_cm":48160,"minecraft:sneak_time":8566,"minecraft:boat_one_cm":2499,"minecraft:jump":1799,"minecraft:walk_on_water_one_cm":12469,"minecraft:total_world_time":184540,"minecraft:interact_with_furnace":8,"minecraft:tune_noteblock":10,"minecraft:pot_flower":1,"minecraft:sleep_in_bed":2,"minecraft:time_since_rest":36046,"minecraft:waystone_activated":2,"minecraft:damage_taken":1188,"minecraft:damage_absorbed":10,"minecraft:trigger_trapped_chest":1,"minecraft:damage_dealt":91,"minecraft:swim_one_cm":112544,"minecraft:fly_one_cm":203342,"minecraft:open_chest":13,"minecraft:crouch_one_cm":21240,"minecraft:fall_one_cm":31576}},"DataVersion":2975}