{"stats":{"minecraft:crafted":{"minecraft:oak_planks":52,"minecraft:crafting_table":1,"minecraft:stick":8,"minecraft:wooden_pickaxe":1,"minecraft:stone_pickaxe":1,"minecraft:wooden_axe":1,"minecraft:furnace":1,"minecraft:stone_axe":1},"minecraft:picked_up":{"minecraft:raw_iron":1,"minecraft:crafting_table":3,"minecraft:leather":4,"minecraft:oak_log":16,"minecraft:dirt":4,"minecraft:raw_copper":7,"minecraft:beef":14,"minecraft:oak_planks":8,"minecraft:coal":15,"minecraft:cobblestone":48},"minecraft:killed_by":{"minecraft:player":1},"minecraft:custom":{"minecraft:time_since_rest":8781,"minecraft:sprint_one_cm":40388,"minecraft:damage_taken":409,"minecraft:walk_one_cm":27455,"minecraft:mob_kills":7,"minecraft:damage_dealt":1225,"minecraft:player_kills":2,"minecraft:interact_with_crafting_table":5,"minecraft:fly_one_cm":15238,"minecraft:crouch_one_cm":4722,"minecraft:play_time":9923,"minecraft:deaths":1,"minecraft:sneak_time":2346,"minecraft:jump":199,"minecraft:leave_game":1,"minecraft:time_since_death":8754,"minecraft:total_world_time":9923,"minecraft:fall_one_cm":6534},"minecraft:killed":{"minecraft:zombie":1,"minecraft:cow":6},"minecraft:used":{"minecraft:wooden_axe":24,"minecraft:stone_pickaxe":64,"minecraft:wooden_pickaxe":8,"minecraft:stone_axe":14,"minecraft:dirt":4,"minecraft:crafting_table":3},"minecraft:mined":{"minecraft:iron_ore":1,"minecraft:crafting_table":2,"minecraft:short_grass":1,"minecraft:oak_log":16,"minecraft:grass_block":4,"minecraft:coal_ore":15,"minecraft:copper_ore":2,"minecraft:stone":49,"minecraft:oak_leaves":11}},"DataVersion":3700}