{"stats":{"minecraft:crafted":{"minecraft:oak_planks":32,"minecraft:crafting_table":2,"minecraft:stick":4,"minecraft:wooden_axe":1},"minecraft:picked_up":{"minecraft:birch_log":1,"minecraft:crafting_table":2,"minecraft:lilac":2,"minecraft:chicken":1,"minecraft:salmon":1,"minecraft:oak_log":14,"minecraft:oak_sapling":1,"minecraft:dirt":1,"minecraft:oak_planks":36},"minecraft:killed_by":{"minecraft:player":4},"minecraft:custom":{"minecraft:time_since_rest":1553,"minecraft:crouch_one_cm":875,"minecraft:play_time":9882,"minecraft:sprint_one_cm":56094,"minecraft:walk_one_cm":19097,"minecraft:damage_taken":1292,"minecraft:deaths":5,"minecraft:sneak_time":184,"minecraft:walk_under_water_one_cm":6039,"minecraft:mob_kills":1,"minecraft:jump":254,"minecraft:damage_dealt":404,"minecraft:leave_game":1,"minecraft:walk_on_water_one_cm":2191,"minecraft:time_since_death":1524,"minecraft:total_world_time":9882,"minecraft:swim_one_cm":10032,"minecraft:interact_with_crafting_table":3,"minecraft:fall_one_cm":9293,"minecraft:fly_one_cm":55092,"minecraft:player_kills":1},"minecraft:killed":{"minecraft:salmon":1},"minecraft:used":{"minecraft:wooden_axe":8,"minecraft:crafting_table":1,"minecraft:oak_sapling":1},"minecraft:mined":{"minecraft:oak_log":4,"minecraft:short_grass":1,"minecraft:crafting_table":1,"minecraft:oak_leaves":1}},"DataVersion":3700}