{"stats":{"minecraft:picked_up":{"minecraft:lilac":2,"minecraft:oak_log":5},"minecraft:killed_by":{"minecraft:player":4,"minecraft:drowned":1},"minecraft:custom":{"minecraft:jump":349,"minecraft:time_since_rest":1258,"minecraft:deaths":5,"minecraft:damage_dealt":566,"minecraft:sprint_one_cm":41926,"minecraft:play_time":9702,"minecraft:damage_taken":1331,"minecraft:time_since_death":1229,"minecraft:walk_one_cm":10750,"minecraft:total_world_time":9702,"minecraft:walk_under_water_one_cm":5426,"minecraft:swim_one_cm":19945,"minecraft:fall_one_cm":13505,"minecraft:fly_one_cm":79346,"minecraft:player_kills":3,"minecraft:leave_game":1,"minecraft:walk_on_water_one_cm":1903},"minecraft:mined":{"minecraft:short_grass":1,"minecraft:lilac":2}},"DataVersion":3700}