{"stats":{"minecraft:killed_by":{"restored_earth:lobber_zombie":1},"minecraft:mined":{"minecraft:carrots":6,"quark:yellow_blossom_leaves":10,"minecraft:wheat":22,"minecraft:grass":4,"minecraft:potatoes":7,"minecraft:beetroots":1,"minecraft:white_stained_glass":1,"minecraft:tall_grass":5},"minecraft:picked_up":{"hexerei:animal_fat":4,"minecraft:scaffolding":1,"minecraft:stick":1,"minecraft:wheat":22,"minecraft:glow_item_frame":1,"minecraft:leather":7,"minecraft:potato":25,"minecraft:filled_map":2,"minecraft:porkchop":4,"minecraft:shield":1,"minecraft:carrot":16,"minecraft:sugar":1,"minecraft:rotten_flesh":2,"minecraft:beetroot":1,"minecraft:beetroot_seeds":3,"minecraft:wheat_seeds":50,"minecraft:beef":9,"quark:yellow_blossom_sapling":2,"magistuarmory:stone_ranseur":5,"minecraft:iron_sword":1,"minecraft:egg":1},"minecraft:dropped":{"minecraft:filled_map":2,"magistuarmory:stone_ranseur":5},"minecraft:killed":{"minecraft:pig":2,"dannys_expansion:cursed_skull":1,"simple_mobs:rat_small":4,"restored_earth:viler_witch":1,"quest_giver:quest_guard_villager":1,"minecraft:cow":6},"minecraft:used":{"minecraft:wheat_seeds":15,"minecraft:bread":3,"magistuarmory:stone_ranseur":62,"minecraft:glow_item_frame":1,"minecraft:carrot":8,"minecraft:potato":20},"minecraft:custom":{"minecraft:time_since_rest":1831,"minecraft:waystone_activated":1,"champions:champion_mobs_killed":6,"minecraft:sprint_one_cm":92655,"minecraft:damage_taken":340,"minecraft:walk_one_cm":324118,"minecraft:mob_kills":15,"minecraft:drop":7,"minecraft:damage_dealt":2062,"minecraft:damage_dealt_absorbed":46,"minecraft:fly_one_cm":84107,"minecraft:open_barrel":2,"minecraft:crouch_one_cm":528,"minecraft:play_time":27632,"minecraft:deaths":1,"minecraft:sneak_time":57,"minecraft:jump":295,"minecraft:leave_game":1,"minecraft:time_since_death":1780,"minecraft:walk_on_water_one_cm":59,"minecraft:sleep_in_bed":2,"minecraft:total_world_time":27632,"minecraft:fall_one_cm":3910}},"DataVersion":2975}