{"stats":{"minecraft:killed_by":{"orcz:orcirongroupleader":2,"orcz:orcsavagegroupleader":1,"mowziesmobs:umvuthi":1,"simple_mobs:graywerewolf":1,"simple_mobs:toxic_goop":1,"minecraft:skeleton":4,"minecraft:zombie":1,"orcz:orcshield":1,"bloodandmadness:church_doctor_pistol":1},"minecraft:crafted":{"minecraft:furnace":1,"minecraft:stone_pickaxe":1,"minecraft:wheat":36,"minecraft:cooked_porkchop":9,"minecraft:crafting_table":1,"minecraft:wooden_pickaxe":1,"minecraft:stone_axe":1,"minecraft:air":157,"minecraft:stick":4,"minecraft:wooden_axe":1,"minecraft:white_bed":1},"minecraft:mined":{"orcz:orcsymbolred":1,"minecraft:candle":1,"minecraft:dark_oak_log":4,"minecraft:large_fern":2,"minecraft:hay_block":15,"minecraft:furnace":1,"minecraft:iron_ore":1,"minecraft:andesite":1,"treechop:chopped_log":5,"minecraft:stone":6,"minecraft:bone_block":3,"minecraft:crafting_table":4,"minecraft:mushroom_stem":1,"minecraft:tall_grass":11,"minecraft:cobblestone":23,"minecraft:diorite":1,"biomemakeover:mesmerite":1,"ecologics:seashell":1,"minecraft:sweet_berry_bush":5,"minecraft:ice":1,"minecraft:black_bed":1,"minecraft:grass":15,"minecraft:oak_log":1,"minecraft:coal_ore":2,"minecraft:gravel":1,"minecraft:dirt":1,"minecraft:stone_bricks":4},"minecraft:broken":{"minecraft:leather_helmet":1,"epicfight:stone_greatsword":1},"minecraft:picked_up":{"minecraft:crafting_table":4,"minecraft:wheat":1,"minecraft:chicken":2,"minecraft:brown_mushroom":9,"ecologics:seashell":1,"minecraft:enchanted_book":3,"untamedwilds:food_bear_raw":4,"bloodandmadness:blood_vial":4,"minecraft:candle":3,"minecraft:beef":5,"minecraft:birch_sapling":1,"minecraft:raw_iron":1,"minecraft:stick":4,"ecologics:coconut_slice":8,"minecraft:porkchop":10,"hexerei:sage_seed":3,"minecraft:stone_sword":1,"minecraft:arrow":2,"minecraft:rotten_flesh":9,"minecraft:beetroot_seeds":4,"minecraft:golden_hoe":1,"ecologics:coconut_log":1,"minecraft:hay_block":13,"bloodandmadness:sanguisteel_nugget":3,"bloodandmadness:blood_stone_shard":1,"minecraft:cobblestone":27,"minecraft:mutton":9,"minecraft:white_wool":3,"minecraft:bone_block":3,"quark:music_disc_wind":1,"alexsmobs:flying_fish":1,"minecraft:birch_log":2,"minecraft:feather":1,"minecraft:andesite":1,"minecraft:black_bed":1,"minecraft:leather":2,"untamedwilds:hide_bear_black":3,"minecraft:red_mushroom":15,"paraglider:spirit_orb":1,"biomemakeover:moth_scales":2,"minecraft:oak_log":6,"orcz:orcsymbolred":1,"minecraft:bone":4,"minecraft:stone_bricks":4,"untamedwilds:material_fat":2,"minecraft:wheat_seeds":2,"minecraft:iron_ingot":1,"hexerei:animal_fat":5,"minecraft:cooked_porkchop":5,"minecraft:sweet_berries":12,"biomemakeover:mesmerite":2,"minecraft:gravel":2,"minecraft:dark_oak_log":4,"minecraft:spider_eye":5,"bloodandmadness:bullets/quicksilver_bullet":2,"waystones:waystone":1,"orcz:ironscrap":1,"minecraft:oak_sapling":2,"minecraft:black_wool":2,"minecraft:coal":4},"minecraft:dropped":{"minecraft:enchanted_book":3,"minecraft:feather":1,"minecraft:coal":1,"quark:music_disc_wind":1,"minecraft:bone":4,"minecraft:gravel":2,"hexerei:sage_seed":1,"minecraft:stone_sword":1,"biomemakeover:mesmerite":2,"minecraft:birch_sapling":1,"minecraft:wheat":2,"minecraft:rotten_flesh":6,"biomemakeover:moth_scales":2,"minecraft:andesite":1,"ecologics:coconut_husk":1,"minecraft:spider_eye":1,"waystones:waystone":1},"minecraft:killed":{"simple_mobs:barbarian_2":1,"bloodandmadness:church_doctor":1,"simple_mobs:barbarian_1":1,"minecraft:skeleton":1,"bloodandmadness:beast_patient":1,"minecraft:chicken":1,"minecraft:silverfish":1,"biomemakeover:moth":2,"orcz:orcsavageweird":1,"restored_earth:bouldering_zombie":2,"alexsmobs:flying_fish":1,"mowziesmobs:umvuthana":3,"minecraft:pig":6,"restored_earth:lobber_zombie":1,"alexsmobs:seal":1,"bloodandmadness:church_doctor_lantern":1,"minecraft:sheep":5,"untamedwilds:bear":1,"minecraft:zombie":8,"orcz:orcirongroupleader":1,"creeperoverhaul:savannah_creeper":1,"minecraft:cow":3},"minecraft:used":{"minecraft:stone_sword":234,"minecraft:rotten_flesh":1,"minecraft:mutton":9,"minecraft:wooden_axe":53,"epicfight:stone_greatsword":131,"minecraft:beef":5,"minecraft:sweet_berries":10,"minecraft:oak_sapling":2,"minecraft:furnace":1,"untamedwilds:material_fat":2,"minecraft:stone_pickaxe":38,"minecraft:oak_planks":1,"minecraft:wooden_pickaxe":16,"untamedwilds:food_bear_raw":4,"minecraft:glow_berries":9,"minecraft:golden_hoe":4,"minecraft:crafting_table":4,"minecraft:white_bed":1,"minecraft:black_bed":1,"alexsmobs:flying_fish":1,"minecraft:bread":23,"minecraft:stone_axe":2,"ecologics:coconut_slice":1,"orcz:bone_1deco":1,"minecraft:porkchop":5,"minecraft:cooked_porkchop":4},"minecraft:custom":{"lootr:looted_stat":13,"minecraft:mob_kills":44,"minecraft:interact_with_crafting_table":14,"minecraft:open_barrel":21,"minecraft:interact_with_campfire":5,"minecraft:damage_dealt_resisted":106,"minecraft:leave_game":1,"minecraft:time_since_death":18383,"minecraft:climb_one_cm":3454,"minecraft:sprint_one_cm":331499,"champions:champion_mobs_killed":23,"minecraft:walk_one_cm":1787791,"minecraft:drop":22,"minecraft:talked_to_villager":1,"minecraft:play_time":121851,"minecraft:deaths":13,"minecraft:sneak_time":3587,"minecraft:walk_under_water_one_cm":24364,"minecraft:boat_one_cm":28637,"minecraft:jump":1293,"minecraft:walk_on_water_one_cm":18365,"minecraft:total_world_time":121851,"minecraft:interact_with_furnace":5,"minecraft:sleep_in_bed":2,"minecraft:time_since_rest":18411,"minecraft:damage_taken":4723,"minecraft:damage_absorbed":89,"minecraft:damage_dealt":10219,"minecraft:swim_one_cm":49398,"minecraft:fly_one_cm":141348,"minecraft:player_kills":2,"minecraft:crouch_one_cm":26822,"minecraft:fall_one_cm":9072}},"DataVersion":2975}