{"stats":{"minecraft:crafted":{"minecraft:oak_planks":4,"minecraft:birch_planks":4,"minecraft:stick":4,"minecraft:wooden_axe":1},"minecraft:picked_up":{"minecraft:birch_log":1,"minecraft:crafting_table":1,"minecraft:lilac":2,"minecraft:oak_log":8,"minecraft:oak_sapling":1},"minecraft:killed_by":{"minecraft:player":2},"minecraft:custom":{"minecraft:time_since_rest":258,"minecraft:walk_one_cm":20096,"minecraft:play_time":9394,"minecraft:sprint_one_cm":61793,"minecraft:damage_taken":1868,"minecraft:deaths":7,"minecraft:sneak_time":48,"minecraft:walk_under_water_one_cm":858,"minecraft:mob_kills":1,"minecraft:jump":291,"minecraft:damage_dealt":1431,"minecraft:leave_game":1,"minecraft:walk_on_water_one_cm":1755,"minecraft:time_since_death":233,"minecraft:total_world_time":9394,"minecraft:swim_one_cm":16807,"minecraft:interact_with_crafting_table":3,"minecraft:fall_one_cm":31888,"minecraft:fly_one_cm":86374,"minecraft:player_kills":6},"minecraft:killed":{"minecraft:chicken":1},"minecraft:used":{"minecraft:wooden_axe":31},"minecraft:mined":{"minecraft:oak_log":8,"minecraft:birch_log":1,"minecraft:oak_leaves":2,"minecraft:crafting_table":1},"minecraft:broken":{"minecraft:wooden_axe":1}},"DataVersion":3700}